{"cameraMode":{"drawMode":0,"name":"Shaded","section":"Shading Mode"},"sceneLighting":false,"audioPlay":false,"sceneViewState":{"showFog":true,"showMaterialUpdate":true,"showSkybox":false,"showFlares":true,"showImageEffects":true,"showParticleSystems":true},"in2DMode":false,"pivot":{"x":246.2099609375,"y":271.13470458984377,"z":-8.536725044250489},"rotation":{"x":0.010024051181972027,"y":-0.9886758923530579,"z":0.07727380096912384,"w":0.12825080752372743},"size":294.0129699707031,"orthographic":false}