{"cameraMode":{"drawMode":0,"name":"Shaded","section":"Shading Mode"},"sceneLighting":true,"audioPlay":false,"sceneViewState":{"showFog":true,"showMaterialUpdate":true,"showSkybox":true,"showFlares":true,"showImageEffects":true,"showParticleSystems":true},"in2DMode":false,"pivot":{"x":407.90625,"y":306.6891784667969,"z":108.08641052246094},"rotation":{"x":0.2186969816684723,"y":-0.01343646738678217,"z":0.0030359565280377867,"w":0.9756956696510315},"size":211.44932556152345,"orthographic":false}